,0,1,2,3,4
1301skj,0.3862,0.26299999999999996,0.1234,0.1606,0.0668
1100j0u,0.3038,0.14579999999999999,0.096,0.4226,0.0318
0G00r5c,0.2312,0.333,0.18780000000000002,0.1908,0.05720000000000001
1202v5m,0.294,0.2734,0.09259999999999999,0.24740000000000006,0.09259999999999999
0C01365,0.258,0.16959999999999997,0.28979999999999995,0.1086,0.174
1302gp2,0.33480000000000004,0.304,0.1386,0.17239999999999997,0.05019999999999999
0T00ted,0.19359999999999997,0.17679999999999998,0.1526,0.15760000000000002,0.31939999999999996
0U01og8,0.14800000000000002,0.189,0.44800000000000006,0.11579999999999999,0.0992
12030n2,0.2488,0.16299999999999998,0.09580000000000001,0.12720000000000004,0.3652
0W00632,0.12560000000000002,0.2658,0.135,0.1768,0.29680000000000006
1000mdu,0.16340000000000002,0.18299999999999997,0.20140000000000002,0.21139999999999995,0.2408
0602sqq,0.24559999999999998,0.1274,0.18119999999999997,0.29639999999999994,0.14939999999999998
13028ek,0.34259999999999996,0.20139999999999997,0.1058,0.2672,0.08299999999999999
130204c,0.257,0.13279999999999997,0.1888,0.12600000000000003,0.2954
1301li6,0.347,0.2192,0.16499999999999998,0.1754,0.09340000000000001
0J00lhb,0.29519999999999996,0.2662,0.1316,0.21880000000000002,0.0882
0600umh,0.1458,0.2064,0.12960000000000002,0.0964,0.4218
0K024sv,0.22039999999999998,0.1008,0.44259999999999994,0.11420000000000001,0.122
0701790,0.1802,0.1136,0.3788,0.21599999999999997,0.11140000000000001
1301cla,0.3298,0.2622,0.21079999999999996,0.1216,0.07559999999999999
0A018t9,0.15619999999999995,0.20260000000000003,0.2474,0.258,0.1358
1301sj1,0.25479999999999997,0.414,0.11200000000000002,0.15,0.0692
0G016hn,0.23080000000000003,0.44300000000000006,0.0746,0.2254,0.0262
0F02qrc,0.268,0.2028,0.299,0.16040000000000001,0.0698
1302oal,0.3208,0.30840000000000006,0.15760000000000002,0.1636,0.0496
13019db,0.2848,0.2524,0.1416,0.24819999999999998,0.07300000000000001
0W0291g,0.25939999999999996,0.16399999999999998,0.08839999999999999,0.14059999999999997,0.3476
1301j5u,0.4332000000000001,0.28379999999999994,0.071,0.0958,0.11620000000000001
0G00v22,0.36039999999999994,0.2426,0.1044,0.14340000000000003,0.14919999999999997
0B02gv8,0.282,0.1006,0.24339999999999998,0.2732,0.1008
1301qv8,0.1708,0.20919999999999997,0.3378,0.1146,0.1676
0A00e04,0.2036,0.4808,0.1304,0.1452,0.04
1301mu0,0.2096,0.2364,0.11340000000000001,0.2868,0.15379999999999996
0601nug,0.09080000000000002,0.0782,0.674,0.1268,0.030200000000000005
0H01tsg,0.1476,0.3152,0.142,0.3798,0.0154
0K02hh8,0.207,0.207,0.2118,0.1538,0.22039999999999998
130254f,0.2116,0.3426,0.0784,0.2796,0.0878
1301hni,0.267,0.29040000000000005,0.14320000000000002,0.19519999999999998,0.1042
1302ckn,0.30619999999999997,0.2354,0.08579999999999999,0.2856,0.087
0F02ani,0.19659999999999997,0.46820000000000006,0.0884,0.12160000000000001,0.12520000000000003
0B01mh6,0.21339999999999998,0.1668,0.2948,0.11739999999999999,0.2076
13000jf,0.3026,0.31260000000000004,0.23320000000000002,0.0896,0.06200000000000001
130270h,0.343,0.29200000000000004,0.12440000000000002,0.16979999999999998,0.0708
0H027kj,0.2926,0.3676,0.12159999999999997,0.11879999999999998,0.09940000000000002
0Y030tm,0.14100000000000001,0.11420000000000001,0.47940000000000005,0.2258,0.0396
13024l3,0.10640000000000001,0.29900000000000004,0.2304,0.2104,0.1538
0B0119v,0.2574,0.32839999999999997,0.1408,0.1788,0.09459999999999999
0M0249t,0.25460000000000005,0.1466,0.0752,0.1876,0.33599999999999997
0B00id8,0.209,0.29860000000000003,0.31539999999999996,0.14179999999999998,0.03520000000000001
0C021tr,0.3207999999999999,0.179,0.0548,0.38439999999999996,0.061
0R008j9,0.22220000000000004,0.16959999999999997,0.1204,0.11340000000000001,0.37439999999999996
13002gs,0.4328,0.19939999999999997,0.12280000000000002,0.1982,0.046799999999999994
0K00a53,0.25839999999999996,0.11100000000000002,0.2056,0.1904,0.23459999999999998
0M026e8,0.2182,0.15219999999999997,0.1386,0.12940000000000002,0.3616
1301q0t,0.23499999999999996,0.3444,0.1306,0.2048,0.08519999999999998
0G01rk7,0.3674,0.1952,0.2414,0.11740000000000003,0.07859999999999999
12030o2,0.23620000000000002,0.1278,0.0776,0.2584000000000001,0.3
0G0112e,0.32680000000000003,0.13899999999999998,0.14140000000000003,0.36539999999999995,0.0274
0700lci,0.1512,0.13399999999999998,0.5538000000000001,0.11200000000000002,0.049
1301c9p,0.2028,0.07399999999999998,0.36819999999999997,0.3166,0.03839999999999999
0G01n62,0.4315999999999999,0.20539999999999997,0.0772,0.23759999999999998,0.0482
0W01dcr,0.2636,0.1278,0.09280000000000001,0.0894,0.42639999999999995
1301quh,0.299,0.14679999999999999,0.13020000000000004,0.12320000000000002,0.3008
1301s8a,0.23679999999999998,0.2702,0.0908,0.26080000000000003,0.1414
0A01fjn,0.1548,0.06420000000000001,0.5814,0.166,0.033600000000000005
0T00nsl,0.11840000000000002,0.285,0.0814,0.18239999999999998,0.33280000000000004
0M023ha,0.25020000000000003,0.13799999999999998,0.2648,0.1424,0.20459999999999998
1000pb2,0.1628,0.192,0.3886,0.15619999999999998,0.1004
13019dp,0.23780000000000007,0.10700000000000001,0.42960000000000004,0.125,0.10059999999999998
0R015sp,0.0998,0.096,0.5722,0.19080000000000003,0.0412
0F027v6,0.2412,0.07780000000000001,0.3682,0.21939999999999998,0.0934
0F02dj3,0.219,0.2812,0.16559999999999997,0.1624,0.1718
0G02hvg,0.33120000000000005,0.35000000000000003,0.10659999999999999,0.11600000000000002,0.0962
1301lhp,0.27280000000000004,0.30060000000000003,0.11979999999999999,0.23179999999999995,0.075
0302kvt,0.23079999999999998,0.17099999999999999,0.28359999999999996,0.15899999999999997,0.15560000000000002
13027oq,0.3326,0.17959999999999998,0.096,0.31360000000000005,0.07819999999999999
0w01had,0.09759999999999999,0.0878,0.5104000000000001,0.2504,0.0538
1300nvp,0.36419999999999997,0.2758,0.11600000000000002,0.19280000000000003,0.0512
0F001pb,0.4516,0.29779999999999995,0.082,0.08859999999999998,0.07999999999999999
1302j63,0.23399999999999999,0.1382,0.16640000000000002,0.11280000000000001,0.34859999999999997
1301fki,0.14240000000000003,0.1034,0.09239999999999998,0.04939999999999999,0.6123999999999999
1202v5a,0.3538,0.25739999999999996,0.1608,0.16899999999999998,0.05900000000000001
0202dsj,0.1044,0.08679999999999999,0.6488,0.1186,0.041400000000000006
1302n31,0.197,0.0982,0.11679999999999999,0.0766,0.5114000000000001
0H02hr7,0.184,0.1746,0.0774,0.16899999999999998,0.39499999999999996
0T00oj2,0.1516,0.2718,0.1812,0.21459999999999999,0.1808
0H007us,0.34659999999999996,0.19879999999999998,0.10640000000000001,0.23939999999999997,0.10880000000000001
0B005e2,0.2672,0.3794,0.11620000000000001,0.19019999999999998,0.047
0000p01,0.11460000000000001,0.11280000000000001,0.5122,0.24,0.0204
0C0283q,0.17039999999999997,0.27980000000000005,0.19380000000000003,0.13179999999999997,0.2242
0W02i9c,0.19760000000000003,0.12440000000000004,0.0576,0.22920000000000001,0.39120000000000005
0G0030n,0.20600000000000002,0.2606,0.1318,0.32359999999999994,0.078
0K01phn,0.187,0.20860000000000004,0.2954,0.1638,0.14520000000000005
1202v82,0.27780000000000005,0.34659999999999996,0.1514,0.14300000000000002,0.08119999999999998
0R00uic,0.15399999999999997,0.35059999999999997,0.1226,0.2556,0.11720000000000001
0T01sdr,0.12040000000000002,0.2426,0.12520000000000003,0.24020000000000002,0.2716
130236b,0.3332,0.19719999999999996,0.08819999999999999,0.3248000000000001,0.056600000000000004
0R020pi,0.1376,0.2406,0.1732,0.2766,0.172
1202osk,0.2706,0.26720000000000005,0.1888,0.20059999999999997,0.0728
0J02ace,0.1598,0.25820000000000004,0.1648,0.1608,0.2564000000000001
1302had,0.22820000000000001,0.148,0.20739999999999997,0.0416,0.37479999999999997
1302lq4,0.28179999999999994,0.1662,0.12440000000000002,0.1668,0.26080000000000003
1301j60,0.26239999999999997,0.3774,0.11719999999999997,0.189,0.054000000000000006
1302jtq,0.233,0.1802,0.1026,0.12400000000000003,0.3602
0C0285c,0.06820000000000001,0.11800000000000002,0.6124,0.1756,0.0258
0G02s7s,0.12040000000000002,0.2634,0.23959999999999998,0.2552,0.1214
1000euc,0.1288,0.259,0.2476,0.0804,0.2842
0Y00lj2,0.2292,0.1646,0.2068,0.13420000000000004,0.2652
1302oau,0.3404,0.29819999999999997,0.0744,0.13100000000000003,0.15599999999999997
0K021vf,0.15259999999999999,0.1768,0.2952,0.24899999999999997,0.1264
0C01q1a,0.36819999999999997,0.28179999999999994,0.16499999999999998,0.12360000000000002,0.061399999999999996
0C01mkr,0.25,0.3922,0.16760000000000003,0.1122,0.07800000000000001
1302vl3,0.24780000000000002,0.15699999999999997,0.2688,0.1712,0.1552
1302a9c,0.4086,0.15739999999999998,0.0808,0.309,0.0442
1302lpp,0.21400000000000002,0.15040000000000003,0.17679999999999998,0.1318,0.327
0M009e1,0.2692,0.15639999999999998,0.22959999999999997,0.2912,0.0536
0M01glg,0.3322,0.24559999999999996,0.16,0.182,0.0802
13027no,0.1522,0.5117999999999999,0.119,0.16960000000000003,0.0474
0B02e6a,0.3136,0.20820000000000002,0.20659999999999998,0.1948,0.07680000000000002
0F00atr,0.26420000000000005,0.189,0.334,0.1788,0.03400000000000001
0G00n0o,0.3062,0.13720000000000002,0.07139999999999999,0.3978,0.0874
0F02app,0.17839999999999998,0.3546,0.3234,0.11739999999999999,0.026200000000000008
0F021ds,0.2934,0.0842,0.21839999999999998,0.27779999999999994,0.1262
1301ija,0.28700000000000003,0.34740000000000004,0.1288,0.1528,0.08399999999999999
0H0148p,0.26680000000000004,0.19039999999999999,0.13520000000000004,0.1282,0.27940000000000004
0Y006cl,0.1478,0.27659999999999996,0.23739999999999997,0.1238,0.2144
1301hlt,0.19639999999999996,0.12880000000000003,0.14340000000000003,0.0696,0.46180000000000004
1302eeq,0.2298,0.22119999999999998,0.16619999999999996,0.1316,0.25120000000000003
0301ve2,0.17159999999999997,0.2528,0.24180000000000001,0.1464,0.18739999999999996
0J02066,0.2398,0.10139999999999998,0.3445999999999999,0.2366,0.0776
0A00utd,0.18280000000000002,0.08819999999999999,0.3698,0.28440000000000004,0.07479999999999999
1302ao4,0.2734,0.1432,0.132,0.0892,0.36219999999999997
1302ko4,0.22400000000000003,0.16960000000000003,0.146,0.1782,0.2822
0Y01tif,0.26780000000000004,0.13579999999999998,0.33020000000000005,0.10980000000000001,0.1564
1000n4n,0.29240000000000005,0.2632,0.09219999999999999,0.31120000000000003,0.041
1202unf,0.27759999999999996,0.1224,0.2604,0.1438,0.19579999999999997
1301sii,0.33540000000000003,0.1876,0.0508,0.37459999999999993,0.051600000000000014
0C01721,0.2052,0.37939999999999996,0.16699999999999998,0.1558,0.09259999999999999
1301v3h,0.2786,0.305,0.1102,0.2182,0.088
0K02st1,0.19939999999999997,0.23419999999999996,0.173,0.23359999999999997,0.1598
0H02cde,0.23620000000000002,0.1598,0.1058,0.0696,0.42860000000000004
0A00tc0,0.4426000000000001,0.20039999999999997,0.11939999999999999,0.17359999999999998,0.06399999999999999
1301tv6,0.2526,0.3698,0.09240000000000001,0.2566,0.028600000000000004
0801le9,0.13899999999999998,0.1386,0.47700000000000004,0.20220000000000002,0.04320000000000001
1202qag,0.1566,0.29480000000000006,0.11939999999999999,0.1728,0.2564
1301mbg,0.3112,0.30179999999999996,0.122,0.1658,0.09919999999999998
0R00aba,0.24220000000000003,0.1766,0.087,0.18919999999999998,0.305
1302451,0.33619999999999994,0.2792,0.1392,0.13379999999999997,0.1116
0B02erj,0.21879999999999997,0.3114,0.1984,0.23760000000000003,0.0338
0A0270f,0.22159999999999996,0.13879999999999998,0.1014,0.16440000000000002,0.3738000000000001
0M0118n,0.2566,0.12040000000000002,0.3206,0.1332,0.16920000000000002
0U02cc3,0.18379999999999996,0.21259999999999998,0.35500000000000004,0.1672,0.0814
10002n3,0.2432,0.1382,0.31779999999999997,0.10739999999999998,0.1934
13023ef,0.21059999999999998,0.4364,0.0756,0.17939999999999998,0.09799999999999999
0B018f8,0.23419999999999996,0.0782,0.15719999999999998,0.37740000000000007,0.153
13007d1,0.33599999999999997,0.2306,0.1934,0.20579999999999998,0.034199999999999994
0B0222n,0.2866,0.1712,0.13060000000000002,0.3874000000000001,0.024200000000000003
0Y00g3k,0.13540000000000002,0.143,0.4406,0.20779999999999998,0.0732
0C00lp1,0.147,0.16219999999999998,0.31120000000000003,0.2506,0.12900000000000003
0601mh7,0.09340000000000001,0.10400000000000001,0.6018,0.16319999999999998,0.0376
0A00cnp,0.1398,0.1426,0.1406,0.2292,0.3478
13023fm,0.36439999999999995,0.23800000000000004,0.0598,0.257,0.08079999999999998
13000j3,0.3354,0.25739999999999996,0.1806,0.14579999999999999,0.08079999999999998
0301kjg,0.11980000000000002,0.1502,0.524,0.1518,0.054200000000000005
0T026cp,0.1376,0.11300000000000002,0.05740000000000001,0.1026,0.5894
0M024pb,0.1364,0.2552,0.172,0.2852,0.15119999999999997
0G003je,0.2124,0.37039999999999995,0.11299999999999999,0.274,0.030199999999999998
0M00pnl,0.31439999999999996,0.094,0.06599999999999999,0.25440000000000007,0.2712
0A015h2,0.2856,0.3546,0.11479999999999999,0.18019999999999997,0.0648
0T02qea,0.17019999999999996,0.22440000000000002,0.1066,0.0812,0.4176
1301ii9,0.3436,0.27099999999999996,0.1276,0.1078,0.14999999999999997
0Y00nr6,0.1474,0.30440000000000006,0.1592,0.1588,0.23020000000000002
0U00lcp,0.1416,0.1254,0.14959999999999998,0.0974,0.48600000000000004
10004fs,0.2532,0.11099999999999999,0.30799999999999994,0.18839999999999998,0.13940000000000002
1301qm4,0.2404,0.12120000000000002,0.14700000000000002,0.11400000000000002,0.3774
13016if,0.2778,0.17159999999999997,0.1304,0.39120000000000005,0.028999999999999998
06008be,0.14700000000000002,0.191,0.43220000000000003,0.22119999999999998,0.0086
0A031kn,0.19739999999999996,0.1324,0.1954,0.304,0.1708
1301v4e,0.1072,0.21139999999999998,0.187,0.1572,0.3372
1302m1r,0.18059999999999998,0.14040000000000002,0.1318,0.1806,0.3665999999999999
0M01e0j,0.19380000000000003,0.2664,0.1608,0.3654,0.013600000000000001
1301rkq,0.2306,0.14840000000000003,0.07619999999999999,0.1004,0.4444
0A01kc4,0.23679999999999998,0.36619999999999997,0.18119999999999997,0.1444,0.07139999999999999
0C00mbq,0.34900000000000003,0.2932,0.1796,0.11780000000000002,0.06040000000000001
1300olo,0.261,0.1768,0.4164,0.12519999999999998,0.0206
0H015g4,0.1322,0.1466,0.311,0.16939999999999997,0.2408
1301rlq,0.3306,0.11200000000000002,0.1086,0.2056,0.2432
0W029bd,0.23819999999999997,0.11979999999999999,0.0858,0.0924,0.4638
0H014nv,0.2358,0.1272,0.2082,0.2702,0.1586
0H02utm,0.2088,0.43620000000000003,0.11140000000000001,0.2082,0.0354
13022k8,0.2918,0.27959999999999996,0.1222,0.1246,0.18180000000000002
130234l,0.35760000000000003,0.21239999999999998,0.19139999999999996,0.20379999999999998,0.034800000000000005
1302g47,0.13499999999999998,0.24379999999999996,0.10899999999999999,0.263,0.2492
130235b,0.1964,0.24900000000000003,0.29179999999999995,0.24459999999999998,0.0182
12030jp,0.28440000000000004,0.10300000000000001,0.176,0.10759999999999999,0.329
0302jej,0.2682,0.1598,0.20020000000000002,0.36160000000000003,0.010199999999999999
0M00m5a,0.33940000000000003,0.29600000000000004,0.087,0.2266,0.051000000000000004
1301t9c,0.3514,0.29860000000000003,0.09159999999999999,0.1266,0.1318
0C0060i,0.2662,0.123,0.16699999999999998,0.2472,0.19659999999999997
13021j5,0.23079999999999998,0.18419999999999997,0.35320000000000007,0.0774,0.1544
0C025sk,0.3134,0.2314,0.0804,0.2656,0.1092
0H00bg5,0.182,0.21200000000000002,0.15919999999999995,0.1712,0.2756
1301tch,0.21680000000000002,0.41159999999999997,0.12800000000000003,0.13940000000000002,0.1042
0U02cco,0.148,0.09480000000000001,0.5067999999999999,0.184,0.0664
1302phc,0.2354,0.3294,0.21280000000000002,0.17279999999999998,0.04959999999999999
100021l,0.1812,0.12579999999999997,0.36360000000000003,0.24860000000000002,0.08079999999999998
0C00rvg,0.184,0.3628,0.13440000000000002,0.3052,0.013600000000000001
13025s8,0.20339999999999997,0.14320000000000002,0.11040000000000003,0.12639999999999998,0.4166
1302aad,0.217,0.14260000000000003,0.09059999999999999,0.1416,0.4082
13022k2,0.28840000000000005,0.3246,0.18239999999999998,0.1372,0.0674
0F023au,0.27960000000000007,0.2204,0.1492,0.31379999999999997,0.037
120316t,0.1472,0.3507999999999999,0.11979999999999999,0.177,0.2052
0K0244h,0.2786,0.10359999999999998,0.08959999999999999,0.34740000000000004,0.1808
1302fa9,0.1342,0.2524,0.3296,0.20140000000000002,0.0824
0102fd2,0.059199999999999996,0.0756,0.6572,0.16020000000000004,0.047799999999999995
1302dio,0.2782,0.17959999999999998,0.1552,0.16,0.227
0A02k6i,0.19899999999999998,0.11979999999999999,0.0802,0.2042,0.3968000000000001
1301nd3,0.31099999999999994,0.30619999999999997,0.1386,0.1092,0.135
1302edd,0.18119999999999997,0.3826,0.119,0.2434,0.07379999999999999
0M01n5v,0.10600000000000001,0.28219999999999995,0.16360000000000002,0.16600000000000004,0.28220000000000006
0J00841,0.34279999999999994,0.1062,0.0702,0.26,0.22080000000000002
0F00u8e,0.28380000000000005,0.20259999999999997,0.10240000000000002,0.34519999999999995,0.066
0W01dd7,0.0874,0.1862,0.4516,0.20719999999999997,0.06760000000000001
0A00hb4,0.32100000000000006,0.2092,0.191,0.24159999999999998,0.0372
0A01612,0.36280000000000007,0.1746,0.11420000000000001,0.2448,0.1036
0A00edq,0.31980000000000003,0.14479999999999998,0.1394,0.29919999999999997,0.0968
1301qve,0.12359999999999997,0.24220000000000005,0.1274,0.15239999999999998,0.3544
0A01bft,0.3468,0.3458,0.12319999999999998,0.1318,0.05239999999999999
0M0053r,0.4016,0.2546,0.13899999999999998,0.1378,0.067
0S01f4a,0.1166,0.23800000000000004,0.2152,0.20739999999999997,0.22279999999999997
0B006ca,0.38939999999999997,0.19099999999999998,0.1112,0.2304,0.078
0G00b5t,0.15299999999999997,0.518,0.0728,0.2234,0.032799999999999996
0U00d54,0.15319999999999998,0.136,0.0538,0.06559999999999999,0.5914
0H023dk,0.29000000000000004,0.1856,0.11159999999999999,0.33459999999999995,0.0782
0G018t8,0.2774,0.2786,0.15360000000000001,0.2212,0.06920000000000001
1201tab,0.23040000000000002,0.3452,0.12340000000000002,0.21459999999999999,0.08639999999999999
1301j4o,0.28040000000000004,0.29539999999999994,0.20040000000000005,0.11840000000000002,0.10539999999999998
0C006lk,0.35,0.30279999999999996,0.1308,0.11059999999999999,0.1058
1302mlv,0.27779999999999994,0.15159999999999998,0.14420000000000002,0.1274,0.299
0Y02589,0.27040000000000003,0.1404,0.357,0.07899999999999999,0.1532
1202mph,0.2636,0.2598,0.26559999999999995,0.14980000000000002,0.0612
0A01b11,0.2398,0.093,0.074,0.1342,0.45899999999999996
0802bld,0.12080000000000002,0.16659999999999997,0.5258,0.14220000000000002,0.04460000000000001
0F02sho,0.3976,0.17020000000000002,0.086,0.2814,0.06480000000000001
0K00lb4,0.20140000000000002,0.17339999999999994,0.1172,0.11420000000000001,0.39380000000000004
13028pm,0.2344,0.25320000000000004,0.06920000000000001,0.33199999999999996,0.11120000000000001
1301cl7,0.2338,0.43360000000000004,0.11739999999999999,0.1738,0.04139999999999999
0J00d64,0.22559999999999997,0.15839999999999996,0.0948,0.084,0.4372
0B027ag,0.2718,0.2838,0.13260000000000002,0.1976,0.1142
0702fpc,0.14100000000000001,0.1354,0.41419999999999996,0.23220000000000002,0.07719999999999999
1302nsm,0.1912,0.437,0.1478,0.1252,0.0988
0J01hlo,0.381,0.30500000000000005,0.11500000000000002,0.1116,0.0874
1302ie6,0.25,0.1558,0.0664,0.17120000000000002,0.3566
0B00cgn,0.17019999999999996,0.3121999999999999,0.14020000000000002,0.3318,0.045599999999999995
0F008ie,0.47380000000000005,0.1672,0.0668,0.21479999999999996,0.0774
0M02b8v,0.31859999999999994,0.0812,0.1476,0.33260000000000006,0.12000000000000002
0B017go,0.21280000000000002,0.1514,0.26380000000000003,0.1,0.2720000000000001
0802hrg,0.1312,0.1202,0.574,0.101,0.07360000000000001
1001p5a,0.15680000000000002,0.0796,0.41340000000000005,0.2838,0.0664
1301f0b,0.282,0.343,0.189,0.142,0.044
1301oqb,0.3218,0.22039999999999998,0.1488,0.227,0.082
1302is3,0.21000000000000002,0.19360000000000002,0.22039999999999998,0.09259999999999999,0.28340000000000004
13005tc,0.25220000000000004,0.3564,0.09880000000000001,0.174,0.11860000000000001
0G01m4q,0.24580000000000007,0.2386,0.27419999999999994,0.19799999999999998,0.043399999999999994
0Y02bv3,0.09459999999999999,0.1044,0.5353999999999999,0.23179999999999995,0.0338
0A0020c,0.219,0.14479999999999998,0.10739999999999998,0.25179999999999997,0.277
0C020c2,0.2338,0.4403999999999999,0.11939999999999999,0.13040000000000002,0.076
0M0020q,0.2554,0.14619999999999997,0.2596,0.2494,0.0894
11000ag,0.11960000000000001,0.1072,0.4675999999999999,0.2262,0.07939999999999998
1302fsd,0.17179999999999998,0.1206,0.1026,0.15099999999999997,0.454
0A00g2q,0.23020000000000002,0.1532,0.29300000000000004,0.0718,0.25179999999999997
1301c81,0.2338,0.13979999999999998,0.14040000000000002,0.18320000000000003,0.3028
0100uoo,0.08800000000000001,0.1224,0.5768000000000001,0.17099999999999999,0.0418
1301dsv,0.32599999999999996,0.28359999999999996,0.16999999999999998,0.1648,0.055600000000000004
0R006jd,0.2184,0.255,0.164,0.18759999999999996,0.175
1301s5i,0.173,0.2156,0.3244000000000001,0.12699999999999997,0.16000000000000003
1301ncm,0.17779999999999999,0.35179999999999995,0.11820000000000001,0.23120000000000002,0.121
0F00e1p,0.2756,0.22940000000000005,0.2028,0.22599999999999998,0.06620000000000001
0J00lnb,0.21719999999999998,0.126,0.0814,0.30840000000000006,0.267
0H003v3,0.18159999999999996,0.19579999999999997,0.25279999999999997,0.14259999999999998,0.22719999999999999
0H01gnd,0.2694,0.23479999999999998,0.11280000000000001,0.264,0.119
0J028gf,0.20139999999999997,0.08700000000000001,0.0728,0.179,0.4598
1301u09,0.2664000000000001,0.2712,0.12840000000000001,0.21939999999999998,0.11460000000000001
0K011p8,0.17779999999999999,0.1544,0.13399999999999998,0.1638,0.37
0J02nf0,0.2198,0.1844,0.1156,0.2294,0.2508
0F00svd,0.3258,0.2594,0.15020000000000003,0.20739999999999997,0.05720000000000001
0G015l3,0.3234,0.2572,0.1388,0.1538,0.1268
0K02k2r,0.1862,0.2848,0.15819999999999995,0.20519999999999997,0.16559999999999997
0H00q15,0.27959999999999996,0.10879999999999998,0.23700000000000002,0.2242,0.15039999999999998
0J01poo,0.1538,0.2488,0.1206,0.1762,0.3006
0K01of3,0.23900000000000002,0.144,0.15099999999999997,0.09780000000000001,0.36819999999999997
13019oe,0.1406,0.11660000000000001,0.5368,0.15199999999999997,0.054000000000000006
1300196,0.31839999999999996,0.2484,0.202,0.092,0.13920000000000002
0A01j0g,0.3522,0.27080000000000004,0.13679999999999998,0.11499999999999999,0.12519999999999998
1301aju,0.20299999999999999,0.1236,0.0782,0.11020000000000003,0.485
0M021uc,0.28080000000000005,0.142,0.202,0.1222,0.253
0F02u02,0.2576,0.2908,0.1002,0.23939999999999997,0.11199999999999999
0F02g59,0.34479999999999994,0.12619999999999998,0.15699999999999997,0.3224,0.049600000000000005
0F00nk8,0.29019999999999996,0.26539999999999997,0.10540000000000001,0.3128,0.0262
0G01blp,0.4603999999999999,0.2532,0.07339999999999999,0.166,0.04699999999999999
1301hm5,0.21059999999999998,0.17859999999999998,0.1722,0.11100000000000002,0.3276
130254j,0.2926,0.1024,0.1246,0.13400000000000004,0.3464
1301clh,0.39599999999999996,0.25359999999999994,0.1646,0.12279999999999999,0.063
0B001qh,0.30179999999999996,0.1578,0.2172,0.1282,0.195
0Y02dvt,0.1272,0.2934,0.2404,0.13120000000000004,0.20779999999999998
0C02e1m,0.4039999999999999,0.2784,0.1548,0.12360000000000002,0.0392
0S00508,0.1374,0.2334,0.1172,0.1524,0.35960000000000003
1302mm8,0.145,0.23559999999999998,0.17319999999999997,0.0934,0.3528
130019m,0.2798,0.1984,0.0984,0.2994,0.124
0R02e5s,0.1396,0.3036,0.24120000000000003,0.16859999999999997,0.14700000000000005
0802fr9,0.11560000000000001,0.08460000000000001,0.5404,0.1774,0.08199999999999999
1302j6t,0.2684000000000001,0.12940000000000002,0.12320000000000002,0.1326,0.3464
0302qb2,0.1414,0.1676,0.45879999999999993,0.2198,0.0124
0802l8c,0.2198,0.16679999999999998,0.23959999999999998,0.1848,0.189
0J00cb9,0.31100000000000005,0.1106,0.22240000000000001,0.2192,0.13679999999999998
10003pa,0.11340000000000001,0.10900000000000001,0.5626,0.1794,0.03559999999999999
0H01hrf,0.3336,0.2112,0.15039999999999998,0.244,0.06080000000000001
1301pv6,0.27419999999999994,0.3154,0.1096,0.17979999999999996,0.121
1301f07,0.3144,0.28559999999999997,0.1232,0.21939999999999996,0.05740000000000001
0700ib5,0.12320000000000002,0.1322,0.48919999999999997,0.19339999999999996,0.062
1301qvn,0.24100000000000002,0.14179999999999998,0.23820000000000002,0.16740000000000002,0.2116
0Y01qt6,0.23720000000000002,0.11280000000000001,0.2724,0.21880000000000002,0.1588
1302j62,0.18039999999999995,0.13920000000000002,0.09240000000000001,0.08079999999999998,0.5072
0U002h1,0.1992,0.1674,0.14320000000000002,0.1508,0.3394
1300moh,0.14799999999999996,0.15960000000000002,0.2068,0.3272,0.1584
0M004pa,0.15739999999999998,0.2626,0.13219999999999998,0.17859999999999998,0.2692
0A021cr,0.23600000000000004,0.15220000000000003,0.1204,0.284,0.20740000000000003
0U023hc,0.10059999999999998,0.27979999999999994,0.2152,0.1924,0.21200000000000002
0M02glt,0.189,0.1506,0.2954,0.2258,0.13920000000000002
0M01k5e,0.261,0.1002,0.33699999999999997,0.21300000000000002,0.0888
0G02jbc,0.2672,0.3144,0.18639999999999998,0.1624,0.0696
1001mhl,0.0796,0.09939999999999999,0.6284,0.1656,0.027000000000000003
13005dk,0.3164,0.20140000000000002,0.13040000000000002,0.1344,0.21739999999999998
0M028o1,0.19679999999999997,0.16219999999999998,0.13640000000000002,0.21300000000000002,0.29159999999999997
0J0038k,0.2952,0.146,0.1548,0.18879999999999997,0.2152
0300kuc,0.09359999999999999,0.16540000000000002,0.5105999999999999,0.20000000000000004,0.0304
1000gtc,0.18399999999999997,0.2062,0.35879999999999995,0.1272,0.12380000000000002
0A02spo,0.3104,0.27640000000000003,0.13219999999999998,0.1528,0.1282
0J02bg5,0.30720000000000003,0.11880000000000002,0.193,0.2428,0.13820000000000002
0K00ooa,0.2528,0.2452,0.20779999999999998,0.2182,0.07600000000000001
0G02ppt,0.2582,0.1146,0.1008,0.3214,0.205
0R02090,0.20919999999999997,0.20380000000000004,0.16899999999999998,0.08919999999999999,0.3288
1302e3u,0.3274,0.1312,0.184,0.16039999999999996,0.197
13027o9,0.20879999999999996,0.3994,0.1036,0.18819999999999998,0.09999999999999999
1302fr3,0.22199999999999998,0.131,0.10859999999999999,0.07160000000000001,0.4668
0C00otp,0.19379999999999997,0.23520000000000002,0.1976,0.343,0.0304
13026hi,0.2204,0.15560000000000002,0.31060000000000004,0.1432,0.17020000000000002
0B010r1,0.1958,0.14179999999999998,0.11400000000000002,0.20399999999999996,0.3444
0201mog,0.1694,0.11340000000000001,0.49379999999999996,0.1434,0.07999999999999999
0M009hc,0.16440000000000002,0.335,0.1694,0.3114,0.0198
0R0103j,0.17399999999999996,0.17019999999999996,0.1462,0.17679999999999998,0.33280000000000004
0B01msg,0.23659999999999998,0.08519999999999998,0.18759999999999996,0.2642,0.2264
0602c4q,0.2138,0.09459999999999999,0.3336,0.28559999999999997,0.0724
1301tci,0.28040000000000004,0.35259999999999997,0.11800000000000002,0.16999999999999998,0.079
0R00cid,0.215,0.1804,0.2032,0.1714,0.23000000000000004
1302lpe,0.22240000000000001,0.1352,0.18919999999999998,0.11080000000000001,0.34240000000000004
0702gr9,0.1388,0.1304,0.3702,0.2878,0.07280000000000002
0301kbn,0.11280000000000001,0.11600000000000002,0.5486000000000001,0.17540000000000003,0.047200000000000006
13026jo,0.26480000000000004,0.32239999999999996,0.08180000000000001,0.22060000000000005,0.11039999999999998
1000oip,0.10200000000000001,0.092,0.6172,0.15119999999999997,0.037599999999999995
1302m24,0.2278,0.10940000000000001,0.11199999999999999,0.06939999999999999,0.4814
0J02566,0.35739999999999994,0.0806,0.23900000000000002,0.21139999999999998,0.1116
1300mt8,0.2472,0.3685999999999999,0.0736,0.16099999999999995,0.1496
0A01576,0.31479999999999997,0.28559999999999997,0.144,0.1664,0.08920000000000002
0G02s7t,0.15619999999999998,0.27,0.1858,0.1142,0.2738
13000hp,0.4232,0.24399999999999994,0.1106,0.16419999999999998,0.05800000000000001
0R01if8,0.1426,0.18960000000000002,0.153,0.31379999999999997,0.201
0R00alc,0.2384,0.1694,0.22400000000000003,0.16599999999999998,0.2022
1302424,0.21339999999999998,0.1708,0.22959999999999997,0.13200000000000003,0.2542
0A016ob,0.24659999999999993,0.1016,0.161,0.26120000000000004,0.22960000000000003
1302c70,0.41859999999999997,0.16019999999999998,0.06080000000000001,0.332,0.0284
0F00qcs,0.3264,0.331,0.11440000000000002,0.1604,0.0678
1301qh6,0.30419999999999997,0.2712,0.1678,0.11000000000000001,0.1468
09009dn,0.097,0.0834,0.6282000000000001,0.15599999999999997,0.0354
0000c0a,0.14939999999999998,0.251,0.4056,0.096,0.09799999999999999
0M00lok,0.3396,0.2122,0.22759999999999997,0.16259999999999997,0.05800000000000001
10025eb,0.3096,0.21399999999999997,0.1042,0.32680000000000003,0.045399999999999996
1302pia,0.4356,0.23199999999999998,0.1058,0.1672,0.059399999999999994
13019nh,0.2536,0.38860000000000006,0.14520000000000002,0.128,0.08459999999999998
1000qe9,0.22319999999999998,0.1938,0.12940000000000002,0.2558,0.19779999999999998
0G00qsu,0.45179999999999987,0.1534,0.09319999999999998,0.2104,0.09119999999999999
0T00las,0.1588,0.2698,0.28719999999999996,0.09799999999999999,0.18619999999999998
0K014u4,0.19779999999999995,0.159,0.1272,0.11420000000000001,0.4018
1301evn,0.30060000000000003,0.2572,0.20399999999999996,0.20479999999999995,0.0334
0201iel,0.13300000000000003,0.12840000000000001,0.5702,0.13899999999999998,0.029400000000000003
0S021gh,0.1606,0.19279999999999997,0.1238,0.24939999999999998,0.2734
0G00aan,0.19959999999999997,0.5104,0.1028,0.1618,0.0254
130244u,0.3084,0.219,0.0652,0.3718,0.03560000000000001
0H006o0,0.3172,0.3768,0.12940000000000002,0.13,0.0466
13026u6,0.3708,0.3234,0.0706,0.11099999999999999,0.1242
1301fil,0.36839999999999995,0.28,0.13979999999999998,0.1444,0.06740000000000002
12030o1,0.19399999999999998,0.13399999999999998,0.10379999999999998,0.2548,0.3134
1301qj5,0.3764,0.21000000000000002,0.1312,0.1972,0.08519999999999998
1302e4n,0.25739999999999996,0.135,0.1388,0.2472,0.22159999999999996
0T01rlv,0.26940000000000003,0.17039999999999997,0.23120000000000002,0.0674,0.2616
0W003gp,0.25599999999999995,0.12179999999999999,0.09240000000000001,0.11079999999999998,0.41900000000000004
10009js,0.18719999999999998,0.3032,0.2242,0.1676,0.11780000000000002
13028qh,0.362,0.2592,0.1488,0.1792,0.05079999999999999
0C001pg,0.26680000000000004,0.15239999999999998,0.1666,0.099,0.31520000000000004
0901ah3,0.1438,0.2822,0.33940000000000003,0.23120000000000002,0.0034000000000000002
1301l5m,0.445,0.2694,0.12079999999999998,0.0868,0.07799999999999999
05021ge,0.2008,0.2398,0.4212000000000001,0.11739999999999999,0.020800000000000003
13000k0,0.37620000000000003,0.21399999999999997,0.1678,0.19619999999999999,0.0458
0A02vd3,0.28959999999999997,0.3114,0.1288,0.18180000000000002,0.0884
0F021g3,0.25939999999999996,0.13279999999999997,0.13740000000000002,0.1072,0.3632
0H011vi,0.15140000000000003,0.2678,0.2076,0.11680000000000001,0.2564
1301tu1,0.23440000000000003,0.2998,0.19679999999999997,0.1998,0.06920000000000001
0M01r7b,0.2618,0.13799999999999998,0.28099999999999997,0.12940000000000002,0.1898
1301jj4,0.3181999999999999,0.2732,0.2304,0.1226,0.055600000000000004
0R00ie0,0.25880000000000003,0.1762,0.3024,0.12699999999999997,0.1356
0T00lkv,0.1274,0.10539999999999998,0.5279999999999999,0.2162,0.023
05030k6,0.1298,0.12920000000000004,0.43660000000000004,0.238,0.06640000000000001
13021sr,0.1988,0.46880000000000005,0.11880000000000002,0.1562,0.05740000000000001
0B00akq,0.37200000000000005,0.22200000000000003,0.13940000000000002,0.17259999999999998,0.094
10009ut,0.2414,0.16719999999999996,0.18419999999999997,0.24380000000000002,0.1634
13022kb,0.38120000000000004,0.24960000000000004,0.13940000000000002,0.164,0.06580000000000001
0001ai2,0.22119999999999998,0.2514,0.15499999999999997,0.14200000000000002,0.23040000000000002
13002gt,0.227,0.46939999999999993,0.0902,0.16960000000000003,0.0438
0U01mis,0.2118,0.12300000000000003,0.06920000000000001,0.1506,0.4454000000000001
0C02ip9,0.20600000000000002,0.421,0.13679999999999998,0.1566,0.07959999999999999
0J00t8f,0.3202,0.26559999999999995,0.13299999999999998,0.1364,0.14479999999999998
0A008db,0.24300000000000002,0.1692,0.185,0.1166,0.2862
0C01sgf,0.3368,0.2772,0.16859999999999994,0.10259999999999998,0.11480000000000001
1000ajq,0.19279999999999997,0.2472,0.1914,0.1226,0.24600000000000005
1302p73,0.27420000000000005,0.2942,0.11100000000000002,0.2056,0.11499999999999999
0W00tk3,0.18939999999999999,0.13680000000000003,0.0512,0.18040000000000003,0.44220000000000004
1302ab4,0.23419999999999996,0.1322,0.0856,0.0654,0.4826
0001cqb,0.0848,0.18640000000000004,0.42380000000000007,0.2004,0.1046
1202ltf,0.2432,0.24579999999999996,0.18299999999999997,0.17719999999999997,0.1508
0H02k1b,0.2184,0.09639999999999999,0.09240000000000001,0.34900000000000003,0.24379999999999996
0H01ikq,0.1016,0.09419999999999999,0.6604,0.1226,0.0212
0G02832,0.2554,0.1722,0.22659999999999997,0.06999999999999999,0.27580000000000005
0A02aod,0.2298,0.17439999999999994,0.1708,0.1256,0.2994
1000pa3,0.23240000000000002,0.0974,0.2222,0.23939999999999997,0.20859999999999998
0U00neq,0.2764,0.17239999999999997,0.08879999999999999,0.061,0.40140000000000003
0B013d7,0.158,0.22519999999999998,0.3274,0.1534,0.136
1301f15,0.3314,0.2124,0.2292,0.1838,0.043199999999999995
0A01d1s,0.2788,0.23620000000000002,0.1722,0.2732,0.0396
1301mb7,0.29640000000000005,0.4032,0.1044,0.1544,0.04159999999999999
0H00012,0.2404,0.1364,0.26260000000000006,0.2378,0.12280000000000002
0H00505,0.27379999999999993,0.1502,0.15299999999999997,0.24,0.18299999999999997
1301muh,0.2524,0.14840000000000003,0.16879999999999998,0.09259999999999999,0.3378
0A00rrc,0.20339999999999997,0.11979999999999999,0.41200000000000003,0.17019999999999996,0.09459999999999999
0H00ebc,0.15419999999999998,0.2734,0.2914,0.12500000000000003,0.15599999999999997
0G02ah7,0.3788,0.2648,0.09380000000000001,0.21679999999999996,0.045799999999999993
0M02v2a,0.18319999999999997,0.13779999999999998,0.325,0.2882,0.0658
0A02mst,0.38880000000000003,0.2064,0.05439999999999999,0.29059999999999997,0.059800000000000006
0H00crk,0.22079999999999997,0.1464,0.33360000000000006,0.1352,0.164
0T02p3i,0.24580000000000002,0.1254,0.0704,0.1008,0.45760000000000006
0T026er,0.1426,0.1564,0.0856,0.13820000000000002,0.4772
0H02oda,0.22680000000000003,0.0844,0.45660000000000006,0.14540000000000003,0.08679999999999999
0H010b5,0.2016,0.1462,0.056400000000000006,0.13700000000000004,0.4588
1202qvp,0.13920000000000002,0.21679999999999996,0.24620000000000003,0.207,0.1908
0F02snt,0.22399999999999998,0.29640000000000005,0.2702,0.14179999999999998,0.06760000000000001
1301kdo,0.17219999999999996,0.4076000000000001,0.15640000000000004,0.23480000000000004,0.029000000000000005
1002nhu,0.12040000000000002,0.09,0.5232000000000001,0.24320000000000003,0.023200000000000002
0T02ljb,0.1308,0.2186,0.4128,0.1484,0.0894
1301mct,0.21939999999999998,0.13640000000000002,0.26940000000000003,0.1116,0.2632
0Y01798,0.2408,0.1644,0.1508,0.3022,0.14179999999999998
0B00onp,0.4166,0.18359999999999996,0.15620000000000003,0.2124,0.031200000000000006
0C0049f,0.17359999999999998,0.264,0.1918,0.09679999999999998,0.27380000000000004
0B01l4f,0.3114,0.11079999999999998,0.17839999999999998,0.1908,0.20859999999999998
1301iib,0.36779999999999996,0.24520000000000003,0.1238,0.18560000000000001,0.07759999999999999
0B01lq0,0.22880000000000003,0.12940000000000002,0.39259999999999995,0.1364,0.11280000000000004
0J00f8r,0.1396,0.141,0.36360000000000003,0.3108,0.045
0G01mlh,0.23620000000000002,0.32500000000000007,0.06039999999999999,0.3336,0.0448
13000hi,0.25400000000000006,0.16519999999999999,0.0832,0.21600000000000003,0.28159999999999996
0A00rh7,0.329,0.40040000000000003,0.11680000000000001,0.10100000000000002,0.0528
0B00af8,0.1784,0.21459999999999999,0.4222,0.1612,0.0236
13024kr,0.3028,0.1434,0.1458,0.21139999999999998,0.1966
0F02l6o,0.16040000000000001,0.3316,0.1514,0.3196,0.037000000000000005
1301ptp,0.29219999999999996,0.16919999999999996,0.05,0.4306,0.057999999999999996
0B027jl,0.2012,0.095,0.34440000000000004,0.2996,0.059800000000000006
1301cld,0.3592000000000001,0.2496,0.23120000000000002,0.11580000000000001,0.0442
1301tuf,0.286,0.2996,0.12300000000000003,0.1804,0.11099999999999999
0J02om3,0.1246,0.2576,0.11860000000000001,0.20659999999999998,0.2926
0A01g2k,0.2788,0.25680000000000003,0.11640000000000002,0.296,0.052000000000000005
130243h,0.253,0.27199999999999996,0.13779999999999998,0.18379999999999996,0.15339999999999998
1302lp3,0.19519999999999998,0.21939999999999998,0.1758,0.21280000000000002,0.1968
0J02n2u,0.2832,0.12419999999999998,0.23200000000000004,0.14679999999999999,0.2138
1000221,0.10859999999999999,0.195,0.4348000000000001,0.2164,0.045200000000000004
1300hnu,0.3274,0.18859999999999996,0.0728,0.2556,0.15560000000000002
0H01for,0.22880000000000003,0.20739999999999997,0.305,0.2378,0.020999999999999998
1302hnk,0.20580000000000004,0.14380000000000004,0.15660000000000002,0.17980000000000002,0.31399999999999995
1301s8k,0.30579999999999996,0.3258,0.0786,0.2564,0.0334
0K01osq,0.2452,0.1938,0.19519999999999998,0.0996,0.2662
0M02htu,0.2808,0.17819999999999997,0.158,0.14300000000000002,0.24
1302btr,0.2819999999999999,0.1414,0.1376,0.16499999999999998,0.274
0H015l5,0.1398,0.231,0.25339999999999996,0.1568,0.219
0H010k0,0.2048,0.20779999999999998,0.14300000000000002,0.2988,0.1456
0k01qr8,0.2292,0.17839999999999998,0.1816,0.1032,0.3076
0T02iml,0.15219999999999997,0.17320000000000002,0.07360000000000001,0.1974,0.40359999999999996
1202uos,0.26039999999999996,0.23800000000000004,0.3112,0.1456,0.04479999999999999
1301ncd,0.2734000000000001,0.12200000000000003,0.08280000000000001,0.09219999999999998,0.42960000000000004
0J024fq,0.292,0.1132,0.3307999999999999,0.18899999999999997,0.075
0C0147g,0.3262,0.17419999999999997,0.2132,0.2312,0.055200000000000006
13021ib,0.25379999999999997,0.18939999999999996,0.27020000000000005,0.1266,0.15999999999999998
110049h,0.0822,0.11739999999999999,0.5146,0.22160000000000002,0.06420000000000001
0T01khc,0.1652,0.2202,0.24720000000000003,0.15560000000000002,0.21180000000000004
0C02cr3,0.3806,0.2994,0.12320000000000002,0.1516,0.045200000000000004
0U02g8u,0.122,0.3296,0.24980000000000002,0.13699999999999998,0.1616
0Y00jid,0.1462,0.2664,0.2428,0.141,0.20359999999999995
0R02296,0.20020000000000002,0.14179999999999998,0.16060000000000002,0.1016,0.39580000000000004
0W016c9,0.1548,0.2102,0.27660000000000007,0.25660000000000005,0.1018
11006gd,0.136,0.141,0.4828,0.1788,0.06140000000000001
10015uq,0.275,0.16319999999999998,0.18739999999999998,0.1072,0.2672
1001402,0.22280000000000003,0.3163999999999999,0.1654,0.20839999999999997,0.087
1001abr,0.25139999999999996,0.09359999999999999,0.11800000000000002,0.261,0.27599999999999997
0Y029vr,0.35700000000000004,0.12120000000000002,0.1742,0.10880000000000001,0.23879999999999998
0T01r2g,0.26959999999999995,0.1886,0.14839999999999998,0.0784,0.315
0Y01uj6,0.2646,0.11320000000000001,0.09120000000000002,0.1446,0.38639999999999997
0W01g5d,0.1628,0.1728,0.37160000000000004,0.1846,0.1082
100161i,0.3268,0.1566,0.127,0.28659999999999997,0.10300000000000001
0W00ai7,0.14220000000000002,0.11939999999999999,0.47119999999999995,0.2392,0.028000000000000004
08030kk,0.21319999999999997,0.37259999999999993,0.1986,0.1664,0.0492
0Y00aq1,0.20260000000000003,0.27680000000000005,0.2872,0.13019999999999998,0.1032
10000gk,0.2846,0.1416,0.08,0.2286,0.2652
0C00tln,0.17559999999999995,0.23500000000000001,0.1706,0.13479999999999998,0.28400000000000003
01011ql,0.266,0.178,0.213,0.08140000000000001,0.2616
0Y00bjb,0.2394,0.15099999999999997,0.1834,0.09819999999999998,0.32800000000000007
0W00t7l,0.1672,0.2656,0.27199999999999996,0.20600000000000002,0.08919999999999999
100159m,0.42160000000000003,0.251,0.10979999999999998,0.15499999999999997,0.0626
1001jje,0.33999999999999997,0.29700000000000004,0.133,0.12180000000000002,0.1082
0W00k6d,0.25960000000000005,0.11259999999999999,0.11879999999999999,0.21059999999999998,0.2984
0U02sef,0.1976,0.18660000000000002,0.17059999999999997,0.1414,0.30379999999999996
0W014uf,0.35059999999999997,0.13520000000000001,0.13740000000000002,0.11399999999999999,0.2628
0U023fr,0.19259999999999997,0.08480000000000001,0.5324,0.153,0.037200000000000004
1002l05,0.1224,0.2978,0.2292,0.2136,0.13699999999999996
100140m,0.3918,0.2836,0.0914,0.17479999999999998,0.058399999999999994
0W00hpv,0.259,0.1436,0.1316,0.2608,0.205
1000g51,0.1004,0.26339999999999997,0.2506,0.11920000000000001,0.2664
1002j3t,0.1764,0.22879999999999998,0.2096,0.2434,0.1418
0302kv9,0.12300000000000003,0.32400000000000007,0.20780000000000004,0.1554,0.18979999999999997
1002ol5,0.1684,0.18199999999999997,0.4076000000000001,0.16240000000000002,0.07960000000000002
060142m,0.1466,0.1126,0.1312,0.2084,0.40119999999999995
1001ab4,0.33819999999999995,0.13340000000000002,0.13420000000000004,0.09019999999999999,0.304
01024cj,0.1624,0.2656,0.1262,0.11960000000000001,0.32619999999999993
0T02c7f,0.10919999999999999,0.13379999999999997,0.1268,0.2582,0.372
1000pj8,0.271,0.0926,0.24159999999999998,0.30219999999999997,0.09259999999999999
07023sn,0.18699999999999997,0.15960000000000002,0.1322,0.21559999999999996,0.3056
0U01ft6,0.3016,0.1612,0.1432,0.14479999999999998,0.24919999999999995
1001hqh,0.23219999999999996,0.286,0.1264,0.3104,0.045
05019iq,0.21459999999999999,0.23420000000000002,0.34719999999999995,0.0784,0.12560000000000002
1002220,0.27780000000000005,0.3342,0.22740000000000005,0.10459999999999998,0.055999999999999994
0Y01qob,0.2496,0.14880000000000002,0.1016,0.2002,0.29979999999999996
0T0139l,0.23279999999999998,0.11760000000000001,0.35860000000000003,0.16099999999999998,0.13
0Y014vq,0.15640000000000004,0.12520000000000003,0.47400000000000003,0.15,0.0944
0Y00jm1,0.13879999999999998,0.2096,0.34720000000000006,0.16340000000000002,0.14100000000000001
0U0011i,0.1628,0.21159999999999995,0.18480000000000002,0.267,0.1738
0W01lsi,0.19539999999999996,0.13919999999999996,0.3258,0.1648,0.17479999999999998
0Y02bbb,0.13699999999999998,0.30639999999999995,0.1442,0.11359999999999999,0.2988
08010oa,0.4282,0.2842,0.10540000000000001,0.14919999999999997,0.032999999999999995
0Y0053e,0.2258,0.095,0.34479999999999994,0.21459999999999999,0.11979999999999999
0400n0h,0.19659999999999997,0.2504,0.22119999999999998,0.2406,0.09119999999999999
0S01spi,0.24400000000000005,0.12940000000000002,0.0608,0.25339999999999996,0.3124
1100361,0.17679999999999998,0.2398,0.17119999999999996,0.2064,0.20579999999999998
11006sp,0.2766,0.10100000000000002,0.32880000000000004,0.1828,0.11080000000000001
0W02vjb,0.16919999999999996,0.2552,0.16659999999999997,0.20179999999999998,0.2072
0902e1m,0.2598,0.16840000000000002,0.21459999999999999,0.12619999999999998,0.231
10017tm,0.16199999999999998,0.17219999999999996,0.098,0.1036,0.46419999999999995
0T01q6k,0.23879999999999998,0.09480000000000001,0.05939999999999999,0.11100000000000002,0.496
10011k4,0.2506,0.10599999999999998,0.16160000000000002,0.2306,0.2512
0T01s9a,0.213,0.1618,0.11980000000000002,0.1518,0.3536
0402j34,0.19319999999999996,0.2976,0.20359999999999995,0.11879999999999999,0.1868
0Y01bhe,0.2878,0.15739999999999998,0.08360000000000001,0.09919999999999998,0.372
100216c,0.2942,0.1106,0.10499999999999998,0.148,0.3422
110018s,0.1678,0.12720000000000004,0.06740000000000002,0.11960000000000001,0.518
0W02peb,0.22800000000000004,0.126,0.20440000000000005,0.14339999999999997,0.29819999999999997
0H02ods,0.1412,0.1238,0.5102000000000001,0.1536,0.07120000000000001
0T01rd0,0.21739999999999998,0.1262,0.2692,0.2096,0.17759999999999995
0Y01vnt,0.1326,0.2448,0.2736,0.16099999999999998,0.188
0R0210m,0.24539999999999998,0.1096,0.3194,0.10600000000000001,0.21960000000000002
0S01bf8,0.24240000000000003,0.1444,0.267,0.1686,0.17759999999999998
1001e9h,0.1896,0.17060000000000003,0.2132,0.22400000000000003,0.20260000000000003
0U00pri,0.258,0.14699999999999996,0.15860000000000002,0.1406,0.2958
1001bi3,0.1366,0.14499999999999996,0.10419999999999999,0.1994,0.41479999999999995
09007o4,0.2472,0.09179999999999999,0.128,0.24439999999999995,0.2886
0Y00630,0.2426,0.1282,0.1526,0.20020000000000002,0.2764
0T00hrm,0.16899999999999998,0.17420000000000002,0.1534,0.27359999999999995,0.2298
0W018si,0.13540000000000002,0.22360000000000002,0.15960000000000002,0.24620000000000003,0.2352
0W00bub,0.2638,0.15219999999999997,0.1316,0.1648,0.28759999999999997
0T02481,0.16319999999999998,0.11480000000000001,0.2206,0.155,0.3464
0Y00oeu,0.15879999999999997,0.1242,0.40140000000000003,0.17099999999999999,0.1446
10016b0,0.314,0.096,0.0738,0.1978,0.3184
0W030li,0.265,0.1424,0.1358,0.1522,0.30460000000000004
0Y026e2,0.1818,0.21959999999999996,0.30700000000000005,0.1344,0.15719999999999995
0U0057l,0.2056,0.143,0.10400000000000001,0.08299999999999999,0.46440000000000003
1001l94,0.22980000000000006,0.1394,0.14200000000000002,0.11680000000000001,0.372
0U00a8m,0.15499999999999997,0.1378,0.06960000000000002,0.14740000000000003,0.4902
0W02tji,0.1658,0.18919999999999998,0.20800000000000002,0.12079999999999999,0.3162
11027fl,0.20379999999999998,0.14419999999999997,0.0938,0.11979999999999999,0.4384
1001d9q,0.3486,0.14140000000000003,0.09239999999999998,0.1366,0.281
0Y00qur,0.23020000000000002,0.1142,0.09759999999999998,0.2684,0.28959999999999997
0U00lsd,0.3208,0.1106,0.2564,0.09119999999999999,0.22100000000000003
0400r7q,0.263,0.215,0.0776,0.3233999999999999,0.121
0W02rgh,0.1304,0.16619999999999996,0.10200000000000001,0.11019999999999999,0.4911999999999999
0Y02jsm,0.26080000000000003,0.11520000000000001,0.09,0.05700000000000001,0.477
1000jgg,0.18459999999999996,0.1766,0.1816,0.16460000000000002,0.2926000000000001
1000pan,0.20139999999999997,0.174,0.284,0.16479999999999997,0.1758
1001b60,0.18539999999999995,0.3044,0.19479999999999997,0.2232,0.09219999999999999
0Y030b6,0.3622,0.10099999999999998,0.1342,0.2162,0.18639999999999998
1002srb,0.2474,0.08619999999999998,0.2872,0.2446,0.1346
0S029c5,0.238,0.11019999999999999,0.1602,0.3134,0.17819999999999997
0G00rs5,0.1052,0.1456,0.4706,0.16199999999999998,0.11660000000000001
0002fk6,0.20999999999999996,0.3386,0.11380000000000001,0.22600000000000003,0.1116
1002ob8,0.2028,0.1758,0.3034,0.1878,0.1302
0R02v7m,0.29479999999999995,0.133,0.14300000000000002,0.128,0.3012
100139p,0.18919999999999998,0.4932,0.16960000000000003,0.123,0.025
0Y0006c,0.2848,0.1622,0.24900000000000003,0.11120000000000001,0.1928
0W01qob,0.20800000000000002,0.1284,0.29119999999999996,0.15799999999999997,0.21439999999999998
1002o1s,0.15939999999999996,0.24579999999999996,0.21639999999999998,0.20280000000000004,0.17559999999999998
0601bcu,0.2562,0.17559999999999998,0.219,0.1624,0.1868
0Y01la2,0.15299999999999997,0.1606,0.19279999999999997,0.1422,0.35140000000000005
0W00jiq,0.15699999999999997,0.1624,0.2366,0.1012,0.34279999999999994
0W02t4d,0.19699999999999998,0.199,0.15760000000000002,0.12320000000000002,0.32320000000000004
0F020fn,0.2798,0.34819999999999995,0.1696,0.16360000000000002,0.03880000000000001
0R01q54,0.1358,0.2246,0.34619999999999995,0.17139999999999997,0.122
0W011dm,0.2088,0.0876,0.35960000000000003,0.16640000000000002,0.1776
0W02fr6,0.23500000000000001,0.211,0.1692,0.1558,0.229
0F020q2,0.18619999999999998,0.0794,0.48640000000000005,0.1966,0.0514
1002ri3,0.2486,0.1832,0.1332,0.2404,0.1946
1001ulj,0.17959999999999998,0.16240000000000002,0.364,0.2836,0.0104
1001srt,0.2542,0.264,0.11860000000000004,0.3174,0.0458
0402t2r,0.178,0.19219999999999995,0.1204,0.09040000000000001,0.41900000000000004
0H00crb,0.0986,0.149,0.5062000000000001,0.22599999999999998,0.020200000000000003
0W01q0t,0.28640000000000004,0.1044,0.27699999999999997,0.19579999999999997,0.13640000000000002
0Y013hq,0.1766,0.188,0.3782,0.13499999999999998,0.12220000000000004
0Y011cq,0.26359999999999995,0.14679999999999999,0.129,0.15660000000000002,0.30400000000000005
0Y028ba,0.2516,0.15059999999999998,0.2142,0.313,0.0706
0R018tk,0.1286,0.13920000000000002,0.42239999999999994,0.21380000000000005,0.096
0W00mr2,0.2062,0.09079999999999999,0.4426,0.15319999999999998,0.10719999999999999
0Y02r9g,0.32039999999999996,0.1072,0.1116,0.22080000000000002,0.24
0S00pv2,0.27359999999999995,0.09839999999999999,0.0928,0.313,0.2222
0W01fr2,0.3308,0.09439999999999998,0.1596,0.2656,0.14959999999999998
1001uln,0.4436,0.2506,0.11840000000000002,0.134,0.0534
1003124,0.10300000000000001,0.25639999999999996,0.14400000000000002,0.1302,0.3664
0U00ncn,0.15679999999999997,0.16899999999999998,0.0874,0.1278,0.4590000000000001
0Y00217,0.11240000000000001,0.1234,0.6072,0.1324,0.024600000000000004
0W014ei,0.184,0.09519999999999999,0.30079999999999996,0.254,0.16599999999999998
1001529,0.3662,0.258,0.11259999999999999,0.20079999999999995,0.06240000000000001
0Y02g9m,0.2246,0.15340000000000004,0.316,0.178,0.128
0G013dj,0.06160000000000001,0.1368,0.663,0.11340000000000001,0.0252
0Y004k9,0.2172,0.1342,0.2472,0.173,0.2284
0Y0306q,0.24180000000000001,0.17239999999999997,0.1056,0.12880000000000003,0.3514
0502v0g,0.18419999999999997,0.19759999999999997,0.3116,0.15059999999999998,0.156
0Y02g9e,0.14479999999999998,0.20800000000000002,0.22119999999999998,0.14560000000000003,0.2804
0T027id,0.1252,0.17779999999999999,0.11139999999999999,0.09219999999999999,0.4934
0Y02gja,0.17460000000000003,0.23420000000000002,0.1516,0.19219999999999998,0.24739999999999998
04013ns,0.28080000000000005,0.26659999999999995,0.15019999999999997,0.21599999999999997,0.08639999999999999
0Y023e8,0.2638,0.14040000000000002,0.11259999999999999,0.1544,0.3288
0H00fr6,0.2582,0.10559999999999999,0.2792,0.2062,0.1508
0W02fve,0.1156,0.08760000000000001,0.5262,0.21200000000000002,0.0586
0902ife,0.3052,0.10600000000000001,0.1396,0.1568,0.29240000000000005
0W02q3i,0.13740000000000002,0.1386,0.30360000000000004,0.30700000000000005,0.11340000000000001
11001ab,0.16720000000000002,0.2502,0.2394,0.1648,0.17839999999999998
1002ieq,0.12899999999999998,0.2624,0.17039999999999997,0.1438,0.2944
0502sia,0.2072,0.20139999999999997,0.18560000000000001,0.2234,0.18239999999999995
0W01ia4,0.25680000000000003,0.0962,0.1694,0.279,0.1986
0Y02hmk,0.2424,0.1264,0.1562,0.12140000000000002,0.3536
0U00r9t,0.233,0.17559999999999998,0.25020000000000003,0.16479999999999997,0.1764
0W00hqc,0.279,0.1122,0.2446,0.3046,0.05960000000000001
0Y02goq,0.14980000000000002,0.1372,0.3008,0.37160000000000004,0.040600000000000004
0Y01k5r,0.27280000000000004,0.16040000000000001,0.0722,0.146,0.34859999999999997
0W020oa,0.1426,0.097,0.22139999999999999,0.2548,0.28420000000000006
0H004vr,0.13440000000000002,0.09020000000000002,0.5394,0.16440000000000002,0.0716
1001kfl,0.35479999999999995,0.19979999999999998,0.12720000000000004,0.2714,0.046799999999999994
0Y015pd,0.1908,0.11360000000000003,0.13540000000000002,0.1026,0.45760000000000006
1002obt,0.20779999999999993,0.19659999999999997,0.14980000000000002,0.1484,0.2974
0R01kfb,0.23939999999999997,0.1528,0.12,0.30860000000000004,0.1792
03000ig,0.1288,0.27040000000000003,0.2708,0.189,0.14100000000000001
100075c,0.2746,0.15200000000000002,0.086,0.0822,0.40520000000000006
0Y00nms,0.2042,0.26560000000000006,0.1998,0.1214,0.209
1001fqb,0.39059999999999995,0.266,0.12060000000000001,0.1674,0.055400000000000005
0B00490,0.26260000000000006,0.3818,0.1042,0.1548,0.09659999999999999
0W0308f,0.18779999999999997,0.10880000000000001,0.37120000000000003,0.22399999999999998,0.1082
0W024c3,0.12100000000000002,0.1842,0.4574,0.138,0.09940000000000002
0W010lo,0.1532,0.0956,0.5246000000000001,0.1892,0.0374
0W01fqm,0.32700000000000007,0.07239999999999999,0.129,0.3846,0.087
0U02dsf,0.26359999999999995,0.1742,0.15699999999999997,0.088,0.31720000000000004
10020b5,0.2222,0.27599999999999997,0.19019999999999998,0.14379999999999998,0.1678
0W00buf,0.1802,0.11499999999999999,0.4396,0.16959999999999997,0.0956
09027jf,0.2312,0.1034,0.086,0.31520000000000004,0.26420000000000005
1001qe7,0.22820000000000001,0.3718,0.1182,0.23200000000000004,0.0498
0U023ik,0.31099999999999994,0.1418,0.11480000000000001,0.1278,0.3046
0302cjf,0.2156,0.18439999999999995,0.1872,0.1,0.3128000000000001
1002p6s,0.18639999999999998,0.11839999999999999,0.2022,0.35760000000000003,0.1354
110036q,0.33860000000000007,0.11699999999999997,0.13920000000000002,0.2232,0.18199999999999997
0Y01t94,0.19779999999999998,0.10800000000000001,0.0784,0.3074,0.30839999999999995
1000n59,0.2792,0.1242,0.25739999999999996,0.19299999999999998,0.14620000000000002
10025if,0.16799999999999998,0.1508,0.13640000000000002,0.2032,0.3416
0W01qv4,0.08760000000000001,0.11340000000000003,0.6024,0.16899999999999998,0.027600000000000003
1001i6m,0.46480000000000005,0.18319999999999997,0.07759999999999999,0.2122,0.0622
0W00if4,0.11640000000000002,0.24560000000000004,0.21060000000000004,0.13579999999999998,0.29159999999999997
0Y00r0l,0.2872,0.06999999999999998,0.4191999999999999,0.1726,0.051000000000000004
0Y005nn,0.13140000000000002,0.2586,0.14579999999999999,0.1706,0.29359999999999997
0002aca,0.1616,0.3076,0.20939999999999998,0.1402,0.18119999999999997
0U02lao,0.16199999999999998,0.21960000000000002,0.16879999999999998,0.18319999999999997,0.2664000000000001
1002qkq,0.15360000000000001,0.2594,0.1366,0.209,0.2414
10013au,0.37079999999999996,0.19519999999999998,0.1558,0.22140000000000004,0.0568
0J01g20,0.18479999999999996,0.21539999999999998,0.3018,0.1412,0.1568
1001tpm,0.196,0.1038,0.2616,0.2636,0.175
0W00sqd,0.14139999999999997,0.23920000000000002,0.13999999999999996,0.22979999999999995,0.2496
0W00h8t,0.30379999999999996,0.1846,0.2104,0.10859999999999999,0.19259999999999997
0Y027vp,0.11579999999999999,0.1006,0.1062,0.11320000000000001,0.5641999999999999
0Y0218j,0.2242,0.1644,0.198,0.1782,0.2352
10017k2,0.2822,0.1752,0.11180000000000001,0.1504,0.28040000000000004
1001krq,0.27440000000000003,0.1508,0.14759999999999998,0.168,0.25920000000000004
0Y00tkv,0.1444,0.29080000000000006,0.2166,0.12139999999999998,0.22679999999999997
0W018ds,0.22880000000000003,0.1196,0.1316,0.139,0.38100000000000006
1002mgh,0.16159999999999997,0.265,0.16599999999999998,0.182,0.2254
0101ulg,0.17060000000000003,0.31640000000000007,0.1586,0.128,0.22640000000000002
0Y02g90,0.22460000000000005,0.17,0.1628,0.0858,0.3568
1001bti,0.289,0.09159999999999999,0.2677999999999999,0.192,0.1596
0H00u5o,0.16040000000000001,0.13140000000000002,0.2044,0.2408,0.263
0M01618,0.1558,0.23399999999999999,0.24499999999999997,0.255,0.1102
0Y0151r,0.306,0.1306,0.14980000000000002,0.10840000000000001,0.3052
0Y021qt,0.2476,0.1414,0.11340000000000001,0.15839999999999999,0.33919999999999995
1000m3r,0.26960000000000006,0.17319999999999997,0.29500000000000004,0.16499999999999998,0.0972
0T02e52,0.11920000000000001,0.29,0.3476,0.12880000000000003,0.11440000000000002
0800rfk,0.1256,0.238,0.2638,0.24300000000000002,0.1296
0W01lt6,0.16040000000000001,0.14679999999999999,0.1648,0.32120000000000004,0.20679999999999996
0Y00vie,0.3256,0.1204,0.1982,0.21000000000000002,0.14579999999999999
0R02ter,0.252,0.10400000000000001,0.1922,0.14279999999999998,0.309
0W01ljm,0.2104,0.1092,0.23379999999999995,0.31679999999999997,0.1298
1001f17,0.2294,0.135,0.10880000000000001,0.172,0.3548
0W0291b,0.20260000000000003,0.13959999999999997,0.13199999999999998,0.08099999999999999,0.44480000000000003
0Y00h8b,0.148,0.16739999999999997,0.3076,0.1966,0.1804
0Y00068,0.27399999999999997,0.11499999999999999,0.07580000000000002,0.2212,0.314
0G00fll,0.17260000000000003,0.28659999999999997,0.34900000000000003,0.1758,0.016
0F0211v,0.1246,0.229,0.10880000000000001,0.15399999999999997,0.38359999999999994
0Y02d3t,0.242,0.19419999999999998,0.19119999999999998,0.1586,0.21399999999999997
0402gl9,0.1024,0.217,0.2694,0.172,0.23920000000000002
0F02bi3,0.0454,0.0706,0.7624000000000001,0.1056,0.016
1000qee,0.19639999999999996,0.17,0.13620000000000002,0.09819999999999998,0.3992
0W017g0,0.088,0.1036,0.6079999999999999,0.15339999999999998,0.047
1002lc0,0.2166,0.13540000000000002,0.12260000000000001,0.25680000000000003,0.2686
0U02vm6,0.2656,0.1276,0.1006,0.101,0.40519999999999995
0T00s57,0.221,0.1476,0.2954,0.20459999999999998,0.13140000000000002
1002ieo,0.2158,0.24080000000000004,0.17919999999999997,0.1394,0.22480000000000003
0Y00s61,0.1682,0.14940000000000003,0.12560000000000002,0.11379999999999998,0.44300000000000006
0Y00eb8,0.16040000000000001,0.18259999999999998,0.213,0.2186,0.2254
0W00q06,0.06640000000000001,0.0884,0.7283999999999999,0.10660000000000003,0.0102
0T02go0,0.263,0.1326,0.2986000000000001,0.1616,0.1442
0A004c0,0.14739999999999998,0.17040000000000002,0.12620000000000003,0.2722,0.2838
0Y02t7i,0.26320000000000005,0.15899999999999997,0.292,0.0958,0.19
0Y02i0a,0.11120000000000001,0.2556,0.1406,0.2772,0.21539999999999998
1002b43,0.22999999999999998,0.1216,0.28500000000000003,0.17999999999999997,0.18339999999999998
0T0092q,0.2412,0.1224,0.0948,0.2294,0.3122
0Y01e7c,0.1644,0.2532,0.145,0.18519999999999998,0.25220000000000004
0R01u7l,0.24360000000000004,0.1286,0.2962,0.176,0.15559999999999996
0U02f3l,0.12219999999999998,0.2802,0.11520000000000001,0.18599999999999997,0.29640000000000005
0W02rng,0.09040000000000001,0.0996,0.604,0.1918,0.014199999999999999
0U016nv,0.2746,0.0906,0.2202,0.186,0.2286
0402eoc,0.1648,0.24020000000000002,0.11720000000000001,0.24939999999999998,0.2284
0Y020t2,0.327,0.1224,0.092,0.27,0.18859999999999996
0T02hgb,0.2678,0.12920000000000004,0.122,0.1948,0.2862
0H02vq8,0.095,0.1396,0.5515999999999999,0.18180000000000002,0.03200000000000001
0W00ko2,0.34540000000000004,0.1116,0.18439999999999998,0.16879999999999998,0.1898
10012kt,0.21400000000000002,0.4074,0.1484,0.19679999999999997,0.0334
0R00jnq,0.1502,0.1798,0.2162,0.3248,0.129
0Y01d31,0.1528,0.22199999999999998,0.1278,0.1236,0.3738
0Y00qnj,0.11439999999999997,0.2642,0.11120000000000001,0.175,0.33520000000000005
0302nk7,0.0976,0.16519999999999999,0.517,0.15640000000000004,0.06380000000000001
0Y00ptm,0.20259999999999997,0.20719999999999997,0.16659999999999997,0.18139999999999998,0.24219999999999997
0Y0098l,0.1456,0.251,0.19899999999999998,0.13579999999999998,0.26860000000000006
0U007ta,0.1076,0.1282,0.4582,0.24580000000000002,0.06020000000000001
0W00v05,0.25420000000000004,0.16099999999999998,0.22479999999999997,0.1564,0.20359999999999995
1001521,0.3856,0.28979999999999995,0.1012,0.16399999999999998,0.059399999999999994
0W0150s,0.1278,0.2552,0.2684,0.1568,0.19179999999999997
0T02lm3,0.1078,0.298,0.1238,0.1426,0.3278
0F00jj3,0.2674,0.15760000000000002,0.1578,0.086,0.33120000000000005
0R0190n,0.1992,0.2098,0.205,0.14179999999999998,0.24419999999999997
0W01gdi,0.2104,0.1006,0.07220000000000001,0.1222,0.49460000000000004
0500e3n,0.1996,0.11199999999999999,0.3318,0.22139999999999999,0.1352
1001isc,0.2406,0.44580000000000003,0.1066,0.14720000000000005,0.059799999999999985
0C02umg,0.32280000000000003,0.2652,0.06920000000000001,0.25360000000000005,0.0892
0W00tki,0.2694,0.1444,0.08080000000000001,0.14200000000000002,0.36340000000000006
0Y02cls,0.2662,0.129,0.3704,0.17739999999999997,0.05700000000000001
0S00h6u,0.27399999999999997,0.1182,0.11120000000000001,0.26220000000000004,0.23440000000000003
1002f84,0.18280000000000002,0.09519999999999998,0.2758,0.285,0.1612
0W00m9l,0.2839999999999999,0.17419999999999997,0.1618,0.11280000000000001,0.2672
0Y00252,0.23420000000000005,0.11580000000000001,0.0482,0.1514,0.45039999999999997
0S02tsp,0.28359999999999996,0.13699999999999998,0.1358,0.2656,0.17799999999999996
0W02gih,0.34240000000000004,0.1516,0.1236,0.1076,0.2748
0Y01fm5,0.14279999999999998,0.18419999999999997,0.1928,0.14279999999999998,0.33740000000000003
0W02mai,0.303,0.1322,0.1358,0.11939999999999999,0.3096
0Y02tkc,0.269,0.11379999999999998,0.3025999999999999,0.15660000000000002,0.158
0T01r3j,0.2252,0.14020000000000002,0.153,0.38280000000000003,0.09880000000000001
0W028pf,0.22680000000000003,0.11640000000000002,0.25399999999999995,0.173,0.2298
0U016lf,0.15660000000000002,0.20919999999999997,0.14220000000000002,0.2716,0.22039999999999998
0W01oej,0.2466,0.15439999999999998,0.1768,0.1076,0.3146
1001kgl,0.26160000000000005,0.15519999999999998,0.1346,0.16019999999999998,0.28840000000000005
09012dj,0.3164,0.361,0.1302,0.12060000000000001,0.07179999999999999
0S009c6,0.3318,0.13379999999999997,0.2524,0.12040000000000002,0.16160000000000002
0S00dsh,0.2566,0.1524,0.1256,0.25,0.21539999999999998
0R01u5d,0.21559999999999996,0.15980000000000003,0.1422,0.2096,0.2728
100159h,0.28300000000000003,0.3102,0.16899999999999998,0.13440000000000002,0.10339999999999998
0Y00sg8,0.32860000000000006,0.09219999999999999,0.21200000000000002,0.2076,0.1596
0H02oso,0.11400000000000002,0.12119999999999997,0.4741999999999999,0.219,0.0716
02011hc,0.23160000000000003,0.4010000000000001,0.21599999999999997,0.127,0.024399999999999995
0W02tah,0.15019999999999997,0.11940000000000002,0.066,0.13940000000000002,0.5250000000000001
0Y02q5v,0.19259999999999997,0.1358,0.1006,0.0984,0.4726
0C021ob,0.22880000000000003,0.19240000000000002,0.16999999999999998,0.1684,0.2404
0W00pmk,0.1738,0.18019999999999997,0.176,0.19980000000000003,0.2702
0W00tgd,0.23379999999999995,0.2002,0.1214,0.086,0.35860000000000003
0T01j3l,0.23479999999999998,0.1036,0.08620000000000001,0.21839999999999998,0.35700000000000004
0G022aj,0.1964,0.09500000000000001,0.44420000000000004,0.1804,0.084
0R02ns8,0.19379999999999994,0.2374,0.135,0.3068,0.12699999999999997
10000hr,0.30019999999999997,0.17279999999999998,0.1038,0.10500000000000001,0.3182
0Y0171h,0.07979999999999998,0.33180000000000004,0.3062,0.12219999999999998,0.15999999999999998
11006gh,0.19439999999999996,0.137,0.1682,0.20839999999999997,0.292
0001dg0,0.2082,0.4406,0.16519999999999999,0.1478,0.0382
0300csm,0.10900000000000001,0.3156,0.17759999999999998,0.18180000000000002,0.21600000000000003
0T01087,0.2644,0.1454,0.2428,0.2122,0.1352
0S00agl,0.3588,0.08759999999999998,0.1296,0.2432,0.1808
0Y00236,0.17539999999999997,0.21459999999999999,0.2926,0.1388,0.1786
1002dru,0.2136,0.12460000000000002,0.14679999999999999,0.1558,0.3592
0Y020s3,0.16999999999999998,0.30720000000000003,0.17379999999999998,0.1644,0.1846
0Y008vi,0.34099999999999997,0.0782,0.18819999999999998,0.19379999999999997,0.19879999999999998
0802cbi,0.1432,0.2186,0.20779999999999998,0.18580000000000002,0.2446
0R0297v,0.3228,0.1056,0.11439999999999999,0.2898,0.16739999999999997
0Y00ntv,0.18019999999999997,0.1358,0.35180000000000006,0.1382,0.19399999999999998
0T0085h,0.2678,0.0782,0.3496,0.1992,0.1052
0W02hvs,0.24860000000000002,0.1456,0.1778,0.1732,0.2548
0R00roo,0.2678,0.1788,0.15399999999999997,0.16739999999999997,0.23199999999999998
0U02ni5,0.13099999999999998,0.3054,0.23440000000000003,0.22039999999999998,0.10880000000000001
0S02341,0.273,0.11979999999999999,0.1648,0.16920000000000002,0.2732
0901mh7,0.497,0.2554,0.07899999999999999,0.11280000000000001,0.0558
08006o6,0.22599999999999998,0.1748,0.11359999999999999,0.18519999999999998,0.3004
10026d7,0.1824,0.12500000000000003,0.0734,0.1648,0.4544
1000i65,0.307,0.0972,0.23920000000000002,0.1708,0.1858
0W00m6r,0.1524,0.2976,0.325,0.13779999999999998,0.0872
0G026ee,0.16999999999999998,0.078,0.43739999999999996,0.2262,0.08839999999999999
1001ul3,0.17339999999999994,0.2574,0.3266,0.11660000000000001,0.12600000000000003
030272m,0.13520000000000004,0.2668,0.2102,0.2222,0.1656
0W02ppq,0.2182,0.1846,0.15619999999999998,0.1572,0.2838
0U0139c,0.18839999999999998,0.151,0.09139999999999998,0.06360000000000002,0.5055999999999999
0602nc4,0.1476,0.29400000000000004,0.2084,0.145,0.20500000000000002
0W01h80,0.368,0.0794,0.12459999999999997,0.26680000000000004,0.1612
0Y031e9,0.31039999999999995,0.13499999999999998,0.15960000000000002,0.145,0.25
0J025li,0.1458,0.202,0.22799999999999998,0.21559999999999996,0.20859999999999998
0R00b8j,0.2432,0.192,0.13899999999999998,0.12780000000000002,0.29800000000000004
0W01emb,0.23280000000000003,0.1274,0.1494,0.092,0.3984
0W027qt,0.18,0.16540000000000002,0.26159999999999994,0.1372,0.2558
0W01qei,0.1062,0.1628,0.5660000000000001,0.10900000000000001,0.05600000000000001
0W00t8r,0.16320000000000004,0.1596,0.4196000000000001,0.1882,0.0694
0W016ap,0.2186,0.1324,0.2374,0.20179999999999998,0.2098
0Y00a1d,0.253,0.12899999999999998,0.1684,0.16479999999999997,0.2848
0T020gc,0.06620000000000001,0.09280000000000001,0.6548,0.17539999999999997,0.0108
0G012re,0.11379999999999998,0.21539999999999998,0.37279999999999996,0.13779999999999998,0.16019999999999998
0Y02rkn,0.23339999999999997,0.126,0.11679999999999999,0.19999999999999998,0.32380000000000003
0W00c0f,0.0896,0.1324,0.5124000000000001,0.197,0.0686
0u02q3q,0.185,0.18979999999999997,0.1948,0.21559999999999996,0.21480000000000002
11003qd,0.18719999999999998,0.1432,0.18919999999999998,0.24420000000000003,0.23620000000000002
0W02eau,0.2004,0.10879999999999998,0.1464,0.20420000000000002,0.3402
0W01a47,0.2648,0.12120000000000002,0.2012,0.16299999999999998,0.24979999999999997
0W024c1,0.3272,0.11280000000000001,0.10859999999999999,0.2002,0.25120000000000003
1001d99,0.31300000000000006,0.15259999999999999,0.1386,0.09559999999999999,0.3002000000000001
1001gic,0.43420000000000003,0.19139999999999996,0.0914,0.21000000000000002,0.07299999999999998
100179f,0.2956,0.1296,0.1412,0.24779999999999996,0.1858
1001ac7,0.3612,0.16659999999999997,0.11080000000000001,0.3174,0.044000000000000004
1002ngj,0.19759999999999997,0.1506,0.059399999999999994,0.152,0.4404
1001for,0.3192,0.10240000000000002,0.17639999999999997,0.17239999999999997,0.22960000000000003
0W013g1,0.11920000000000001,0.0834,0.6246,0.1324,0.04039999999999999
0Y011c5,0.2394,0.1432,0.18539999999999995,0.16419999999999996,0.26780000000000004
0W0253i,0.30579999999999996,0.1048,0.1686,0.23900000000000002,0.1818
0W00fkk,0.2016,0.1328,0.278,0.16399999999999998,0.22360000000000002
0U00u96,0.2945999999999999,0.0876,0.183,0.2736,0.1612
0T02fb6,0.06560000000000002,0.07120000000000001,0.7223999999999999,0.121,0.0198
0H02a35,0.10519999999999999,0.1554,0.4779999999999999,0.22799999999999998,0.033400000000000006
1002csk,0.2792,0.1688,0.20359999999999995,0.13820000000000002,0.21020000000000003
0T027h7,0.20839999999999997,0.20380000000000004,0.367,0.12840000000000001,0.0924
10015b1,0.26260000000000006,0.26480000000000004,0.1772,0.2428,0.0526
0T02672,0.2048,0.17819999999999997,0.266,0.12600000000000003,0.225
10021in,0.17279999999999998,0.3638,0.17880000000000001,0.25799999999999995,0.026600000000000002
1001m77,0.2922,0.24100000000000002,0.11199999999999999,0.31020000000000003,0.04459999999999999
0501hs5,0.1478,0.284,0.21200000000000002,0.17359999999999998,0.1826
0Y023pn,0.1718,0.217,0.24100000000000005,0.2056,0.16459999999999994
10017up,0.376,0.25,0.0822,0.1848,0.10699999999999998
0Y02su0,0.24699999999999997,0.11679999999999999,0.25820000000000004,0.24100000000000002,0.13699999999999998
1001abh,0.24,0.15000000000000002,0.0958,0.1172,0.39699999999999996
05024l6,0.23159999999999997,0.19459999999999997,0.06319999999999999,0.42460000000000003,0.08600000000000001
0Y00uiq,0.18,0.1458,0.1416,0.26799999999999996,0.2646
0T02vpq,0.1846,0.186,0.2794,0.2056,0.14440000000000003
0W0148h,0.1656,0.22280000000000003,0.1346,0.11800000000000002,0.35900000000000004
1001cl0,0.3018,0.3368,0.1542,0.09280000000000001,0.11440000000000002
0R01q8i,0.0706,0.15220000000000003,0.5718000000000001,0.16820000000000002,0.0372
1000cdl,0.17779999999999996,0.11939999999999999,0.1076,0.2326,0.3626
0W01la0,0.12599999999999997,0.16299999999999998,0.20659999999999998,0.0916,0.4128
0302im2,0.35919999999999996,0.30399999999999994,0.1042,0.13079999999999997,0.1018
0T008c9,0.20500000000000002,0.1614,0.058600000000000006,0.1136,0.4614
0T01btr,0.24359999999999998,0.14,0.1008,0.1578,0.3578
1001s44,0.17739999999999995,0.19660000000000002,0.3837999999999999,0.219,0.0232
0T00rb7,0.2828,0.1338,0.18719999999999998,0.14320000000000002,0.253
0300e2m,0.2586,0.1286,0.11560000000000001,0.28700000000000003,0.21020000000000003
0Y02eon,0.33180000000000004,0.1234,0.18419999999999997,0.21259999999999998,0.148
0W00p14,0.21639999999999998,0.11080000000000001,0.273,0.2644,0.13540000000000002
0R00jbk,0.1356,0.1044,0.5344,0.1532,0.0724
0Y0021p,0.27659999999999996,0.16519999999999999,0.119,0.23659999999999998,0.20259999999999997
0W02pqk,0.2502,0.11479999999999999,0.24699999999999997,0.30760000000000004,0.0804
0W021cg,0.1572,0.28099999999999997,0.205,0.1788,0.178
0W02qrm,0.14679999999999996,0.24939999999999998,0.3196,0.18939999999999999,0.0948
0Y02c2e,0.24580000000000002,0.14120000000000002,0.12180000000000002,0.1492,0.34199999999999997
0T02m1d,0.19999999999999998,0.094,0.487,0.16340000000000002,0.055600000000000004
0W00v27,0.20379999999999998,0.15979999999999997,0.1772,0.2578,0.20139999999999997
0W00ftq,0.2226,0.09720000000000001,0.2638,0.31699999999999995,0.09940000000000002
1100blb,0.2862,0.33320000000000005,0.11099999999999999,0.21740000000000004,0.0522
0J02j3q,0.10219999999999999,0.1488,0.4622,0.1876,0.09919999999999998
0U02n6a,0.14239999999999997,0.16519999999999999,0.11200000000000002,0.18439999999999998,0.396
0Y02r83,0.10379999999999998,0.11259999999999999,0.46340000000000003,0.24500000000000002,0.0752
0R02aal,0.3014,0.11499999999999999,0.09059999999999999,0.317,0.176
0Y02q4e,0.2766,0.1324,0.22459999999999997,0.1954,0.17099999999999999
0T00sqv,0.3018,0.15960000000000002,0.1548,0.16859999999999997,0.2152
0Y01562,0.34280000000000005,0.0894,0.10880000000000001,0.195,0.264
0W01imo,0.12199999999999997,0.2618,0.174,0.153,0.2892
0W02v95,0.1052,0.10499999999999998,0.5877999999999999,0.15439999999999998,0.047599999999999996
0M01p2k,0.1018,0.14059999999999997,0.39080000000000004,0.2234,0.1434
0S00sd2,0.2326,0.1376,0.2606,0.17260000000000003,0.1966
0R02toa,0.19539999999999996,0.1956,0.16699999999999998,0.17639999999999997,0.2656
1001i68,0.3116,0.1528,0.2334,0.2508,0.05139999999999999
0Y000si,0.09640000000000001,0.12179999999999999,0.6132,0.12119999999999997,0.0474
0U01urv,0.3322,0.1254,0.2246,0.1572,0.16060000000000002
0R01b0j,0.20919999999999997,0.1504,0.21879999999999997,0.17939999999999998,0.24219999999999997
0W02ved,0.2138,0.22519999999999998,0.1608,0.2622,0.13799999999999998
0R03090,0.13400000000000004,0.0822,0.18219999999999997,0.4789999999999999,0.12259999999999997
0Y00he3,0.24359999999999998,0.12200000000000003,0.22800000000000004,0.21599999999999997,0.19039999999999996
0Y01k36,0.1486,0.2324,0.2466,0.12359999999999997,0.2488
0T0064u,0.19340000000000002,0.1042,0.45360000000000006,0.1186,0.1302
0300j17,0.1672,0.17339999999999997,0.3996,0.13979999999999998,0.12000000000000002
0Y01b72,0.1682,0.17939999999999998,0.1546,0.14420000000000002,0.3536
0Y00ap8,0.30979999999999996,0.091,0.24700000000000003,0.24020000000000002,0.11200000000000002
0M02rf3,0.086,0.1142,0.6404,0.1308,0.028600000000000004
1001o8g,0.29280000000000006,0.1378,0.19979999999999998,0.1482,0.22139999999999996
01007l8,0.1364,0.3386,0.2476,0.132,0.14540000000000003
0U031kc,0.1666,0.2732,0.11839999999999999,0.14379999999999998,0.298
1002lbq,0.14459999999999998,0.11380000000000001,0.1072,0.0978,0.5366
10016jm,0.3234,0.2972,0.139,0.13080000000000003,0.10959999999999999
0Y01bcv,0.09759999999999999,0.15899999999999997,0.35280000000000006,0.3274,0.0632
0W01qn5,0.121,0.1306,0.611,0.08439999999999999,0.053000000000000005
100177l,0.29919999999999997,0.13820000000000002,0.10420000000000003,0.0978,0.36060000000000003
0W0163j,0.256,0.158,0.25819999999999993,0.1724,0.1554
0Y00pnn,0.17679999999999998,0.2706,0.18959999999999996,0.19959999999999997,0.1634
0S01m50,0.21660000000000004,0.1046,0.22560000000000002,0.277,0.1762
0T00u79,0.15339999999999998,0.121,0.08960000000000001,0.07379999999999999,0.5622
0S02eko,0.3194,0.14299999999999996,0.16,0.18159999999999998,0.196
0R0264d,0.18719999999999998,0.2286,0.2052,0.157,0.22199999999999998
1000742,0.2178,0.24760000000000004,0.1978,0.143,0.1938
0Y02v56,0.19019999999999998,0.18319999999999997,0.32780000000000004,0.1232,0.1756
0W01ltt,0.25539999999999996,0.15680000000000002,0.152,0.19679999999999997,0.23899999999999996
0Y00j38,0.2004,0.20579999999999998,0.29600000000000004,0.1356,0.1622
10029cp,0.0944,0.1068,0.5937999999999999,0.1344,0.0706
0Y028bf,0.364,0.15499999999999997,0.16899999999999998,0.13219999999999996,0.17979999999999996
0W00fsv,0.17179999999999995,0.1446,0.4044,0.1472,0.13200000000000003
0Y02eo3,0.2486,0.1668,0.086,0.266,0.2326
1002db7,0.16360000000000002,0.1542,0.09059999999999999,0.1266,0.465
0800ftl,0.2996,0.13999999999999999,0.2136,0.17659999999999995,0.17019999999999996
0Y02ion,0.279,0.175,0.13,0.0882,0.3278
0W01qii,0.14620000000000002,0.1378,0.41,0.2192,0.08679999999999999
10016a7,0.1388,0.13240000000000002,0.1584,0.1472,0.4232
02024f0,0.17259999999999995,0.2056,0.0974,0.2028,0.3216
0W01jhr,0.26160000000000005,0.0938,0.2798,0.2912,0.07360000000000001
05005ql,0.1038,0.28540000000000004,0.1222,0.18139999999999998,0.3072
0W02jrq,0.13940000000000002,0.1616,0.29040000000000005,0.192,0.2166
1000qem,0.1696,0.14379999999999998,0.1598,0.17639999999999997,0.3504
0Y01lbp,0.17659999999999998,0.15219999999999997,0.129,0.0824,0.4598
0Y02t7n,0.24020000000000005,0.16,0.138,0.19519999999999998,0.2666
0Y01urg,0.15500000000000003,0.08420000000000001,0.5272,0.187,0.0466
0000c2s,0.21200000000000002,0.353,0.1086,0.2682,0.058199999999999995
0W0227b,0.1564,0.17639999999999997,0.1268,0.2218,0.31860000000000005
0W01gf0,0.16119999999999995,0.2796,0.1956,0.2392,0.12439999999999998
0Y02qfl,0.268,0.14419999999999997,0.1898,0.316,0.082
0T02nv9,0.1586,0.20800000000000002,0.27880000000000005,0.27459999999999996,0.08000000000000002
0T02880,0.20039999999999997,0.1488,0.21259999999999998,0.0964,0.3418
1001428,0.397,0.20099999999999998,0.11240000000000001,0.22199999999999998,0.06760000000000001
0Y012dv,0.15660000000000002,0.11779999999999999,0.38839999999999997,0.26139999999999997,0.0758
0802gef,0.1484,0.18380000000000002,0.3956,0.19,0.0822
0S00ubc,0.3046,0.11760000000000001,0.15299999999999997,0.25220000000000004,0.1726
1002lbp,0.10519999999999999,0.2698,0.1774,0.17539999999999997,0.2722
0U024bi,0.12679999999999997,0.24659999999999999,0.3086,0.20180000000000003,0.1162
0W01j18,0.21239999999999998,0.24359999999999998,0.17519999999999997,0.1732,0.1956
100149i,0.3124,0.23759999999999998,0.19859999999999997,0.19959999999999997,0.05179999999999999
0Y0306s,0.25859999999999994,0.1214,0.1496,0.0942,0.3762
0W01r3i,0.22079999999999997,0.1206,0.16760000000000003,0.3154,0.17559999999999998
0C02gec,0.14640000000000003,0.2826000000000001,0.21559999999999996,0.1738,0.18159999999999998
0Y028p4,0.17099999999999999,0.14200000000000002,0.1002,0.08259999999999999,0.5042
03005so,0.2536,0.1256,0.1686,0.4,0.0522
0W01qt4,0.138,0.1786,0.384,0.20639999999999997,0.093
1001uk4,0.23959999999999998,0.2544,0.27040000000000003,0.19419999999999998,0.041400000000000006
1001gh1,0.201,0.1978,0.1598,0.4006,0.0408
0W00t01,0.135,0.11180000000000004,0.42379999999999995,0.28579999999999994,0.04360000000000001
0U00dpv,0.2304,0.1452,0.10059999999999998,0.0986,0.4252000000000001
0U00c61,0.2754,0.14420000000000002,0.1724,0.126,0.28200000000000003
0W02vde,0.17439999999999997,0.25720000000000004,0.3268,0.12940000000000002,0.11220000000000001
1002jv1,0.119,0.13820000000000002,0.0832,0.1598,0.4997999999999999
0Y00i47,0.2452,0.1004,0.09319999999999999,0.13680000000000003,0.4244
1001abu,0.32080000000000003,0.1328,0.18939999999999999,0.14700000000000002,0.21000000000000002
1002ss4,0.17300000000000001,0.22100000000000003,0.2428,0.188,0.17519999999999997
0W011bi,0.1404,0.16859999999999997,0.17980000000000002,0.16519999999999999,0.34600000000000003
0R00num,0.12360000000000002,0.0874,0.5982000000000001,0.16299999999999998,0.027800000000000002
0Y02gae,0.29600000000000004,0.09940000000000002,0.11100000000000003,0.2892,0.2044
